name,index
ayq3s1,0
95jmsn,1
d8dudd,2
467kd6,3
fleepz,4
hpcf07,5
uqnupq,6
zit3ue,7
a3ge8n,8
6qiwep,9
xsk28t,10
7a9tgi,11
qhg9jr,12
snvnq6,13
5qdf1r,14
caviqk,15
2919ah,16
ej8cx9,17
j1ictx,18
cwnpgw,19
90jpkl,20
0blv0p,21
rkgyc4,22
om3wto,23
obmzvr,24
erw6z8,25
vbhqlq,26
cg1wu1,27
6hymqc,28
1a78mx,29
1evuht,30
6t0uzs,31
9im0yl,32
tz9ats,33
n1u322,34
n64kfs,35
6vfpto,36
mjbcp4,37
e30my5,38
zpjag1,39
ol73d9,40
ph3i37,41
9u2619,42
2k42qp,43
r75pr2,44
esprvu,45
8fijoy,46
jne00v,47
830dn0,48
yby4aw,49
ty088o,50
5or15b,51
yvzk3i,52
8bzbf1,53
i3ldqy,54
un3uvy,55
r0qf4b,56
8dwoec,57
bpmbjp,58
i4hn3q,59
xkhktg,60
btyzme,61
pgthcw,62
81xe6v,63
a05g1x,64
3j1l7r,65
8431ru,66
pfr2p3,67
yvb5ul,68
5nwqvr,69
r9a7mf,70
p059p4,71
52bfso,72
zptx49,73
7w19vw,74
3rtqoh,75
muh8lm,76
n4r7sg,77
msoxlt,78
a8ircd,79
9si5ga,80
s442vl,81
dq4hez,82
5edjjt,83
fph90o,84
7y22t1,85
tdgnnq,86
fkpl9e,87
ka024s,88
coss3e,89
oqm1h8,90
ojrjed,91
kts2h3,92
tzr685,93
2fc1uq,94
bfobrc,95
l472rl,96
15f4w0,97
vugkv0,98
5sz9c3,99
fuquhz,100
6a830d,101
m7x52d,102
nr9is2,103
5hbpkt,104
9a90fo,105
h3hj5s,106
6r044p,107
39jym6,108
ier0v6,109
rast5j,110
284wv9,111
8y3ump,112
yo0cu4,113
yyj5ci,114
6vg2g7,115
3aj0je,116
4qvzfv,117
8yu58c,118
epsof1,119
gg2ktb,120
cudswx,121
1jp70l,122
klfyp5,123
jo3q3q,124
a3s8ke,125
2wt1q3,126
tmy4gp,127
ywssbz,128
rad5so,129
womqig,130
ct2cxi,131
fsu0lm,132
i8x76r,133
kq4svh,134
3ejoz9,135
xfzaq8,136
h3xqyx,137
go4b9u,138
oe3t0h,139
icct5h,140
gp8iy3,141
x80j0g,142
50rcxn,143
22pxgx,144
8wdzrm,145
h3fnbd,146
vpine9,147
nnovja,148
rji8ql,149
hbiawp,150
ublqdi,151
07he42,152
x6g26o,153
c7t3bd,154
4z1g52,155
efujei,156
r9uy7s,157
361gh9,158
n12o0v,159
3z0gu1,160
uqxj4e,161
fff1gx,162
i9d99v,163
h0w1ds,164
twg6nj,165
4ogw9x,166
hro199,167
brblrt,168
vwaljz,169
ejbf7n,170
y03vkx,171
tufdjk,172
dfr215,173
20rn6h,174
w1hs57,175
tcozda,176
ntniqs,177
uha51l,178
iy8o69,179
wezc1b,180
3eu1z0,181
shzbuk,182
3xf1gp,183
1z7fzt,184
vovke6,185
h76mww,186
jpgjqm,187
ljel53,188
2uuj2e,189
42trdw,190
6et32c,191
dxsef6,192
y39c2m,193
u46jd2,194
gvf6lc,195
p2277k,196
xxsy0v,197
dvevg9,198
ysqjvf,199
jwtzif,200
t9yvi7,201
f16xbx,202
tlnv5m,203
oijesg,204
687cvi,205
yjklk2,206
c0xp2s,207
2o8pt4,208
mx23sy,209
670kmi,210
qd4x9g,211
7hsfkr,212
26j1fo,213
2wb0dz,214
6xpyfx,215
obugvj,216
ics4i4,217
2afbqn,218
j971hs,219
pthdp0,220
3eh58b,221
6pjs1a,222
wp0lf7,223
xe7866,224
9by4cy,225
xqbwew,226
pgvicw,227
8vl34l,228
ie3csm,229
cmcut6,230
z84qcm,231
swdvrh,232
x1z2yv,233
l55x7r,234
f1f1l8,235
sugfus,236
t21k2w,237
2cw1rd,238
ezx6kb,239
j2ciep,240
xxycj2,241
xx2ei7,242
xzurph,243
bl57y9,244
hqq2ns,245
5mhie2,246
l2fuwe,247
98stkl,248
x6ohmi,249
p5bx9x,250
39ifet,251
z4700e,252
iue237,253
wi9li1,254
6dh7jt,255
kkuow7,256
sfqm9r,257
it8f6k,258
jkvcbf,259
cqn0b5,260
8st4pz,261
t3edk2,262
043nvj,263
uuwzix,264
69gup3,265
hr2pjg,266
dsy0pk,267
uumk56,268
35t5bf,269
z63pnw,270
dds54s,271
8ag1iq,272
xzxczd,273
9mx9se,274
y629rh,275
igzxv9,276
xjm6z6,277
ccciv4,278
73j6iu,279
ukztv6,280
685t4b,281
xvh0tb,282
4qod4k,283
7yjpch,284
mb2u0j,285
0n064d,286
i7n9u4,287
7yul38,288
v8wq4m,289
pr9tot,290
sn5u4w,291
9rsh8y,292
zwjscs,293
fw2q4n,294
m8r9ri,295
gppd7o,296
odg0v4,297
gia9k0,298
44msus,299
dfo8cl,300
0lcz5l,301
scatgv,302
s3875i,303
63rmhv,304
k3qlav,305
smlz16,306
ufzgli,307
4upaqy,308
p2rvta,309
qxpdh3,310
tkz6th,311
sxooi4,312
j3x094,313
8npf72,314
7xehd9,315
6m8jku,316
72hn5f,317
62d3i6,318
03d93t,319
bzqane,320
c1we8d,321
e4cs0l,322
i0xy2y,323
yf8iwh,324
l8z7io,325
abt381,326
8yop3w,327
jrmhc0,328
bpnegc,329
2dpcz2,330
o8ndi6,331
souupt,332
j7o0tr,333
d9l195,334
dwy7u0,335
0jtyl8,336
4potj3,337
d90097,338
iypqnv,339
f2xf8m,340
drycem,341
9n4nvt,342
anmh4p,343
nzp9us,344
y38wtq,345
x653g4,346
unxu0c,347
ojbq90,348
sjmvoy,349
p59vq5,350
53kwki,351
85l8d7,352
ceda0i,353
oejan6,354
3xd45b,355
a890ab,356
7r8sb6,357
1lgg7j,358
pm7qwr,359
zfxz3p,360
otfcfz,361
yy94da,362
kf51vg,363
7con4r,364
cer8cl,365
ubnjze,366
tkpy8v,367
yif6wd,368
g1oevz,369
ubr25o,370
w9y1ly,371
fspefr,372
jyjyux,373
gfat2x,374
rgifl1,375
29960g,376
bfw9fu,377
yas0yf,378
9p7kyk,379
irtr5j,380
ek1r0t,381
4exqp5,382
m3gita,383
zvyv2v,384
1itum4,385
ulzus5,386
puyrzx,387
hm8l9b,388
3n2se0,389
5itpqj,390
1ye24z,391
8608cx,392
8fgpwk,393
czv1ga,394
gqo679,395
o2xz36,396
jwb4gs,397
0fhjwt,398
v3n74w,399
4g22ue,400
tchbvg,401
kp7l9k,402
v913oz,403
ll1zbm,404
21yann,405
reg8lx,406
um3hq5,407
7uyzhw,408
w3ltfi,409
uhpthl,410
xj6y0i,411
y1l58l,412
9k5sil,413
u2dwa5,414
imy965,415
05025k,416
fboscr,417
o8sk35,418
96hhr8,419
x8c28n,420
1gptc2,421
qwf2hp,422
nw1kin,423
ndw8r8,424
kussr6,425
gi0dri,426
ipjupz,427
5jr0y2,428
efz6rx,429
35uaf3,430
we8zn1,431
n5rusv,432
9i5vdc,433
g3bhk2,434
3a1mit,435
krfxqf,436
xkdzto,437
1fgan4,438
eio72a,439
avh1i4,440
eoyfgg,441
uxtiyi,442
je7ak2,443
wnj02n,444
fgihyw,445
1uiprf,446
p9sbtn,447
76mzsd,448
p5yhp5,449
e7axui,450
y0x8l4,451
ebeaqn,452
cdz6s6,453
01zf88,454
jrftf6,455
nj8uze,456
t1pdpf,457
1h3dtl,458
haiak5,459
w77qkx,460
irhbv1,461
r7eqe5,462
36xd5k,463
xkqgho,464
6acapc,465
4xyjlc,466
90oup0,467
urexh6,468
dlo7cz,469
e3stuf,470
93axms,471
tp3x5m,472
8pja0b,473
o8wava,474
ytgn7p,475
05djrf,476
co70x3,477
fg6ize,478
d1ipsq,479
uzuu2r,480
oemigj,481
gk23u0,482
h8wn2t,483
3qhfkt,484
cnujfp,485
wz6dtq,486
lbz299,487
pg3gih,488
adoimz,489
xfqebe,490
m2ifvh,491
c3dk1z,492
5by1lw,493
nlrr2j,494
cps509,495
4dfryi,496
0m7p8b,497
yw485w,498
6uyrlb,499
uobrd4,500
7wokgp,501
pr8doy,502
wllpuw,503
bwjm58,504
tl5cfd,505
oob74a,506
vmivlu,507
dbjjh7,508
xexzgv,509
tuik15,510
ul9wol,511
ytsila,512
zcluog,513
5jvepw,514
ukfv2a,515
qnpewq,516
gady20,517
k05yw8,518
yg4ok2,519
ecsbuq,520
gevkyk,521
e9fv4b,522
1k1kdg,523
vnm098,524
qstpgd,525
z95jdx,526
a1fs4m,527
gbnksf,528
4htz45,529
qf8ylx,530
yxl2cq,531
23qord,532
jgfw80,533
o9dy70,534
84p4tf,535
zc67jh,536
2lknmi,537
c1f1mj,538
quefy9,539
z9ur73,540
a70h0j,541
jgggs8,542
w0qy54,543
clrzjz,544
czvpd4,545
rxbvtt,546
r5goit,547
2ur0fm,548
2n057x,549
d6ket6,550
zi7blm,551
mdpc3d,552
xmrx36,553
zhbpx5,554
2l49ww,555
kqfsby,556
dknoon,557
r06ba4,558
ilaoqt,559
r1yw3q,560
n3t7zg,561
a6x9st,562
g4evru,563
rqtmj7,564
pdzuib,565
5sq0zy,566
cmvo84,567
w6tk9l,568
sg4iq9,569
lvfowo,570
t0vxqs,571
3h4de4,572
m6hy7t,573
0djimv,574
03julf,575
5vluda,576
2rnkk5,577
fi11z1,578
4yac8m,579
xau7mb,580
apowti,581
gy6tke,582
cts377,583
v1iv5w,584
mkzboo,585
inb6kh,586
xcyq8d,587
dgbdh0,588
2yh9q4,589
jnat0g,590
7ri0g6,591
hshg5m,592
mq7mw0,593
skc95n,594
4vpaaf,595
h5jf6e,596
gqo3sq,597
3dglcs,598
xu1hgc,599
aikvw2,600
rfxvlh,601
zz3ry4,602
0khidk,603
g042ly,604
wbi45h,605
02cequ,606
a7ov77,607
g1p4wy,608
j9dak6,609
45ke5u,610
pvrd6o,611
9yzpf3,612
22f52u,613
h5bgz0,614
c99aft,615
69n3vx,616
do3v94,617
x2hgoa,618
vws97x,619
gck5i0,620
gqmmhz,621
n3mvg0,622
ch236i,623
5a7d91,624
46llig,625
yu6y0p,626
rzvs2i,627
i06t9u,628
9nmnsw,629
il68uh,630
w9408s,631
1a7gby,632
jddmrk,633
sqjdsn,634
8cw2g9,635
o9yp6s,636
dyy0u9,637
daqm2o,638
x8mms2,639
lell6h,640
yc1r9q,641
ikqav3,642
jcjudt,643
59weu7,644
ol7e6k,645
088zfw,646
onvvxs,647
n749ah,648
w2ppcu,649
yhyq8s,650
b7x662,651
5csmu6,652
fgk88a,653
enn1gn,654
81ejb3,655
vcfedl,656
q9eoq0,657
y2z1ub,658
yh8aec,659
ew6gst,660
fs2yzb,661
4k8oiz,662
8sjtxa,663
99jhca,664
z89ftn,665
wn06jk,666
loqmhl,667
d939es,668
eqgm5v,669
wipgse,670
mu52vt,671
jxu1ka,672
upo1rx,673
iv432w,674
t59glf,675
ri8mqe,676
eb6bzn,677
c9q884,678
jxzosi,679
366fzx,680
6apk6i,681
2klj4w,682
co5oeq,683
xocn7x,684
y43ccu,685
g7rq8l,686
yyxe7q,687
yo7zww,688
54a6i2,689
koe6rn,690
jlkxho,691
0vh444,692
nk0bpc,693
iki6cj,694
dkql7z,695
bsfn24,696
4ko0jl,697
6qkv3e,698
oyyigb,699
m760jg,700
l4c86h,701
f4i8a1,702
70xc71,703
o4ywg1,704
iq4ofs,705
80qmaa,706
7h7ayn,707
u0xgj1,708
qq81xr,709
zn0994,710
lx994q,711
twziho,712
2kgn6z,713
v9dkya,714
fj41fe,715
qoxfcy,716
z7sdl5,717
2am7sm,718
c67okc,719
xpakfr,720
zwzzm7,721
aef9s9,722
wwrom3,723
zaql06,724
g9e6sv,725
h6q8q2,726
y4pv33,727
b4hqey,728
oou0w7,729
8aqpsf,730
zve9l4,731
uwnrlm,732
5mppqn,733
ompwjg,734
hf5a8c,735
4xu5r5,736
l6rzoi,737
d7148c,738
6wzl3h,739
73uaan,740
yguxql,741
9qpr4v,742
xl51n0,743
xxzr2l,744
iogrp9,745
1ymjj4,746
al05i7,747
8u5tq9,748
dzgkdn,749
q4g2vq,750
xx99qw,751
b0hwm8,752
lswu65,753
2fys3j,754
kv0zef,755
kvouus,756
rzr2x7,757
20klbi,758
pqfnkz,759
gge49d,760
bz7fgq,761
jfytop,762
s2ii7k,763
bcwu43,764
8r92i8,765
l3178t,766
w48of2,767
tx0qjt,768
aa7iws,769
48a54t,770
a1soa9,771
xm091z,772
pkyyoq,773
f1p7rs,774
8r0mel,775
ish32r,776
5mubjd,777
8blgsr,778
i2aofj,779
a5nv0t,780
5x3cvf,781
jdrze8,782
4lmqya,783
hpy2pc,784
m3g7n4,785
ytukc9,786
7hq4tm,787
xdnhp1,788
uakrhz,789
pac4jx,790
fpk5fv,791
ddwj8g,792
i5ou9w,793
2mbywi,794
qc529s,795
85ml8w,796
u3r9ke,797
7j2sq8,798
x3a6yl,799
bxpue8,800
ym759j,801
su0uhg,802
7ecilc,803
mg5mgc,804
y57qdx,805
oean5f,806
3dx90x,807
dr7cet,808
en7ggo,809
8ymm7p,810
l990gw,811
31gkl9,812
z6vk82,813
wu9ux0,814
1up8ny,815
9qx22z,816
acsb7i,817
tatonu,818
br969j,819
gc3wji,820
qxpoqt,821
fzneu4,822
l5gtcy,823
fdvw10,824
hoaydt,825
7cu8ju,826
6ojdz2,827
6fo1sz,828
jivf4d,829
9zqfz6,830
1ii49m,831
5zm97p,832
per1uf,833
h01xwm,834
uwbtkw,835
2j2com,836
xjfhdp,837
jsavht,838
24bvn8,839
nn87q9,840
4jby7c,841
qkdsmr,842
d3aeyr,843
xgbsyo,844
y6gu58,845
flm639,846
bcp7tv,847
5zkbww,848
wtp6rd,849
qyb9ro,850
jvzify,851
7o0pj1,852
tv28in,853
i8mit7,854
i1jkue,855
98hluj,856
bu00t2,857
rjmgil,858
brooob,859
wf4i64,860
xly54i,861
kmoc0a,862
r0omne,863
l25u3p,864
1zcyuz,865
87c7g2,866
3cp78z,867
c9y7dm,868
s2zts3,869
k1sd7j,870
32f6hl,871
8iz0u2,872
bl3m3f,873
qukhfh,874
2xf7y6,875
ky9yck,876
vjkjld,877
0tt2sl,878
himaqa,879
3558a5,880
pn4302,881
fap9r9,882
ndljdw,883
cjctvf,884
dg0lks,885
9l3xcf,886
tuxye1,887
9es4ih,888
rv707n,889
ndg7f4,890
s1uq7w,891
i5755l,892
osmahb,893
3hn00c,894
vw9nam,895
sqett6,896
9uahvv,897
zblmvv,898
44ci4j,899
38v30d,900
7tu98b,901
nvwejr,902
bvy8ky,903
lhtucr,904
0f5px2,905
tn7tlh,906
xcmf26,907
b46jmv,908
47tujg,909
7inc3y,910
7hatcf,911
v3cg7t,912
btnumm,913
sr8u2h,914
rjkrha,915
96gn8w,916
9urjsp,917
ketv82,918
dib4dg,919
ydf1zl,920
2wtvm8,921
f3if3g,922
3t34oo,923
jqxzlv,924
u35be4,925
hw43ks,926
wi6gzg,927
u9et83,928
z0pp9k,929
4yevn1,930
1v8ple,931
5h3u9g,932
2ltzeg,933
yu5dfn,934
iajj28,935
sy2mnu,936
tt1wfa,937
6zisdx,938
9da9wh,939
sbp1zu,940
yzy18n,941
l4im9y,942
x0jsii,943
aebj51,944
ifi031,945
l36192,946
ywol1a,947
5p6r08,948
xcc4xh,949
4fj7r3,950
7f7fp4,951
e8tdv8,952
a4364v,953
0wsskc,954
tqd4kd,955
sbs5fi,956
6erqir,957
rqahlj,958
2xlqp5,959
l7cvfj,960
j50yp2,961
knwdqh,962
dk3z4t,963
48oyy4,964
qj71as,965
2yu7cg,966
8w1rvr,967
rgqz3p,968
m7vlu9,969
aaea0g,970
7g2wos,971
qmcbfd,972
nhhfiy,973
lhlqs3,974
e3r1uq,975
kerdyy,976
vdqql2,977
e5mzl5,978
gj81ng,979
2qgcee,980
q2b5ja,981
cyrjvz,982
